state,year,year_index,ipc_crimes,sll_crimes,total_crimes,growth_rate,avg_3yr_ipc,ipc_sll_ratio
Andhra Pradesh,2003,0,156951,463272,620223,0.0,156951.0,0.33878801222607885
Andhra Pradesh,2004,1,158756,452858,611614,0.011500404584870437,158756.0,0.3505646361552628
Andhra Pradesh,2005,2,157123,509090,666213,-0.010286225402504472,157610.0,0.30863501541967037
Andhra Pradesh,2006,3,173909,602146,776055,0.10683349986952896,163262.66666666666,0.28881533714414775
Andhra Pradesh,2007,4,175087,711946,887033,0.0067736574875365855,168706.33333333334,0.24592735965930002
Andhra Pradesh,2008,5,179275,246829,426104,0.023919537144391073,176090.33333333334,0.726312548363442
Andhra Pradesh,2009,6,180441,470125,650566,0.006503974341096081,178267.66666666666,0.3838149428343526
Andhra Pradesh,2010,7,181438,628558,809996,0.005525351777035153,180384.66666666666,0.28865753041087694
Andhra Pradesh,2011,8,189780,262024,451804,0.04597713819596777,183886.33333333334,0.7242847983390834
Andhra Pradesh,2012,9,192522,55235,247757,0.014448308567815366,187913.33333333334,3.4855073775685708
Andhra Pradesh,2013,10,218015,47690,265705,0.13241603556996084,200105.66666666666,4.571503459844831
Andhra Pradesh,2014,11,114604,25278,139882,-0.4743297479531225,175047.0,4.533744758287839
Andhra Pradesh,2015,12,110693,15755,126448,-0.03412620850930159,147770.66666666666,7.025896540780704
Andhra Pradesh,2016,13,106774,22615,129389,-0.03540422610282493,110690.33333333333,4.72137961529958
Andhra Pradesh,2017,14,132336,15666,148002,0.2394028508813007,116601.0,8.4473381846036
Andhra Pradesh,2018,15,126635,18068,144703,-0.04307973642848507,121915.0,7.00880008855435
Andhra Pradesh,2019,16,119229,26522,145751,-0.05848304181308485,126066.66666666667,4.495475454339793
Andhra Pradesh,2020,17,188997,49108,238105,0.585159650756108,144953.66666666666,3.8485990062718907
Arunachal Pradesh,2003,0,2061,50,2111,0.0,2061.0,41.22
Arunachal Pradesh,2004,1,2256,101,2357,0.09461426491994178,2256.0,22.336633663366335
Arunachal Pradesh,2005,2,2304,73,2377,0.02127659574468085,2207.0,31.561643835616437
Arunachal Pradesh,2006,3,2294,69,2363,-0.004340277777777778,2284.6666666666665,33.2463768115942
Arunachal Pradesh,2007,4,2286,56,2342,-0.0034873583260680036,2294.6666666666665,40.82142857142857
Arunachal Pradesh,2008,5,2374,70,2444,0.03849518810148731,2318.0,33.91428571428571
Arunachal Pradesh,2009,6,2362,132,2494,-0.005054759898904802,2340.6666666666665,17.893939393939394
Arunachal Pradesh,2010,7,2439,113,2552,0.03259949195596952,2391.6666666666665,21.58407079646018
Arunachal Pradesh,2011,8,2286,69,2355,-0.06273062730627306,2362.3333333333335,33.130434782608695
Arunachal Pradesh,2012,9,2420,84,2504,0.05861767279090114,2381.6666666666665,28.80952380952381
Arunachal Pradesh,2013,10,2776,142,2918,0.14710743801652892,2494.0,19.549295774647888
Arunachal Pradesh,2014,11,2843,195,3038,0.024135446685878963,2679.6666666666665,14.57948717948718
Arunachal Pradesh,2015,12,2968,181,3149,0.04396763981709462,2862.3333333333335,16.39779005524862
Arunachal Pradesh,2016,13,2534,166,2700,-0.14622641509433962,2781.6666666666665,15.265060240963855
Arunachal Pradesh,2017,14,2565,181,2746,0.0122336227308603,2689.0,14.171270718232044
Arunachal Pradesh,2018,15,2613,204,2817,0.01871345029239766,2570.6666666666665,12.808823529411764
Arunachal Pradesh,2019,16,2590,287,2877,-0.008802143130501339,2589.3333333333335,9.024390243902438
Arunachal Pradesh,2020,17,2244,259,2503,-0.1335907335907336,2482.3333333333335,8.664092664092664
Assam,2003,0,38195,1633,39828,0.0,38195.0,23.38946723821188
Assam,2004,1,40675,2987,43662,0.06492996465505957,40675.0,13.61734181452963
Assam,2005,2,42006,2067,44073,0.03272280270436386,40292.0,20.322206095791003
Assam,2006,3,43673,3323,46996,0.039684806932343,42118.0,13.142642190791454
Assam,2007,4,45282,3831,49113,0.03684198475030339,43653.666666666664,11.819890368050118
Assam,2008,5,53333,2307,55640,0.17779691709730136,47429.333333333336,23.11790203727785
Assam,2009,6,55313,1973,57286,0.037125232032700205,51309.333333333336,28.03497212366954
Assam,2010,7,61668,1825,63493,0.11489161679894419,56771.333333333336,33.79068493150685
Assam,2011,8,66714,1608,68322,0.08182525783226309,61231.666666666664,41.48880597014925
Assam,2012,9,77682,1974,79656,0.16440327367569027,68688.0,39.35258358662614
Assam,2013,10,87186,2386,89572,0.12234494477485132,77194.0,36.5406538139145
Assam,2014,11,94337,3064,97401,0.0820200490904503,86401.66666666667,30.78883812010444
Assam,2015,12,103616,3849,107465,0.09836013441173665,95046.33333333333,26.92023902312289
Assam,2016,13,102250,4764,107014,-0.013183292155651637,100067.66666666667,21.46305625524769
Assam,2017,14,104324,5628,109952,0.020283618581907092,103396.66666666667,18.536602700781806
Assam,2018,15,112233,8340,120573,0.07581189371573176,106269.0,13.457194244604317
Assam,2019,16,123512,9271,132783,0.10049628897026722,113356.33333333333,13.32240319275159
Assam,2020,17,111558,10051,121609,-0.09678411814236673,115767.66666666667,11.099194110038802
Bihar,2003,0,92263,7940,100203,0.0,92263.0,11.620025188916877
Bihar,2004,1,108060,9213,117273,0.17121706426194683,108060.0,11.729078476066428
Bihar,2005,2,97850,9814,107664,-0.09448454562280215,99391.0,9.970450377012432
Bihar,2006,3,100665,9159,109824,0.028768523249872252,102191.66666666667,10.990828693088766
Bihar,2007,4,109420,9479,118899,0.08697163860328813,102645.0,11.543411752294546
Bihar,2008,5,122669,9876,132545,0.1210838969109852,110918.0,12.420919400567032
Bihar,2009,6,122931,10594,133525,0.0021358289380365046,118340.0,11.603832357938456
Bihar,2010,7,127453,10119,137572,0.03678486305325752,124351.0,12.595414566656784
Bihar,2011,8,135896,11737,147633,0.06624402721003037,128760.0,11.57842719604669
Bihar,2012,9,146614,13657,160271,0.07886913522105139,136654.33333333334,10.73544702350443
Bihar,2013,10,167455,17506,184961,0.14214877160434883,149988.33333333334,9.565577516280133
Bihar,2014,11,177595,17445,195040,0.06055358155922486,163888.0,10.180280882774435
Bihar,2015,12,176973,18439,195412,-0.0035023508544722542,174007.66666666666,9.597754758934867
Bihar,2016,13,164163,25533,189696,-0.07238392297130071,172910.33333333334,6.429444248619434
Bihar,2017,14,180573,55482,236055,0.09996162350834231,173903.0,3.2546231210122203
Bihar,2018,15,196911,65904,262815,0.090478642986493,180549.0,2.987845957756737
Bihar,2019,16,197935,71174,269109,0.005200318925809122,191806.33333333334,2.781001489307893
Bihar,2020,17,194698,62814,257512,-0.016353853537777553,196514.66666666666,3.0995956315471074
Chhattisgarh,2003,0,38449,193067,231516,0.0,38449.0,0.19914848213314548
Chhattisgarh,2004,1,41927,143472,185399,0.09045748914146011,41927.0,0.29223123675699786
Chhattisgarh,2005,2,43633,235802,279435,0.040689770315071434,41336.333333333336,0.18504083934826676
Chhattisgarh,2006,3,45177,142073,187250,0.035386061008869436,43579.0,0.3179844164619597
Chhattisgarh,2007,4,45845,200889,246734,0.014786285056555326,44885.0,0.22821060386581646
Chhattisgarh,2008,5,51442,246835,298277,0.12208528738139383,47488.0,0.208406425344866
Chhattisgarh,2009,6,51370,206949,258319,-0.001399634539870145,49552.333333333336,0.24822540819235658
Chhattisgarh,2010,7,54958,242326,297284,0.06984621374343002,52590.0,0.22679365812995717
Chhattisgarh,2011,8,57218,273283,330501,0.041122311583390955,54515.333333333336,0.20937270155845772
Chhattisgarh,2012,9,54598,264017,318615,-0.04578978643084344,55591.333333333336,0.20679728956847476
Chhattisgarh,2013,10,56870,232949,289819,0.04161324590644346,56228.666666666664,0.2441306895500732
Chhattisgarh,2014,11,58200,285611,343811,0.02338667135572358,56556.0,0.20377366417960094
Chhattisgarh,2015,12,56692,30563,87255,-0.025910652920962198,57254.0,1.8549226188528614
Chhattisgarh,2016,13,55029,29163,84192,-0.02933394482466662,56640.333333333336,1.886945787470425
Chhattisgarh,2017,14,58481,32035,90516,0.06273056025004997,56734.0,1.8255345715623537
Chhattisgarh,2018,15,60178,38055,98233,0.029017971648911612,57896.0,1.58134279332545
Chhattisgarh,2019,16,61256,35305,96561,0.017913523214463756,59971.666666666664,1.735051692394845
Chhattisgarh,2020,17,65216,37957,103173,0.06464672848374037,62216.666666666664,1.7181547540638091
Goa,2003,0,2244,3104,5348,0.0,2244.0,0.7229381443298969
Goa,2004,1,2127,4770,6897,-0.05213903743315508,2127.0,0.4459119496855346
Goa,2005,2,2119,3995,6114,-0.0037611659614480487,2163.3333333333335,0.5304130162703379
Goa,2006,3,2204,3958,6162,0.04011326097215668,2150.0,0.5568468923698838
Goa,2007,4,2479,3253,5732,0.12477313974591651,2267.3333333333335,0.762065785428835
Goa,2008,5,2742,2413,5155,0.10609116579265833,2475.0,1.1363447990053874
Goa,2009,6,3005,2577,5582,0.09591539022611233,2742.0,1.1660845944897167
Goa,2010,7,3293,2868,6161,0.09584026622296173,3013.3333333333335,1.1481868898186889
Goa,2011,8,3449,2833,6282,0.047373215912541754,3249.0,1.217437345570067
Goa,2012,9,3608,2329,5937,0.04610031893302406,3450.0,1.549162730785745
Goa,2013,10,4312,3200,7512,0.1951219512195122,3789.6666666666665,1.3475
Goa,2014,11,4466,3006,7472,0.03571428571428571,4128.666666666667,1.4856952761144377
Goa,2015,12,3074,1482,4556,-0.3116883116883117,3950.6666666666665,2.0742240215924426
Goa,2016,13,2692,1014,3706,-0.12426805465191933,3410.6666666666665,2.6548323471400392
Goa,2017,14,2965,978,3943,0.10141158989598811,2910.3333333333335,3.0316973415132926
Goa,2018,15,2740,1144,3884,-0.07588532883642496,2799.0,2.395104895104895
Goa,2019,16,2465,1262,3727,-0.10036496350364964,2723.3333333333335,1.9532488114104596
Goa,2020,17,3393,973,4366,0.3764705882352941,2866.0,3.487153134635149
Gujarat,2003,0,103709,160749,264458,0.0,103709.0,0.6451610896490803
Gujarat,2004,1,105469,167644,273113,0.01697056186059069,105469.0,0.6291248121018348
Gujarat,2005,2,113414,174336,287750,0.07533019180991571,107530.66666666667,0.6505483663729809
Gujarat,2006,3,120972,171085,292057,0.06664080272276791,113285.0,0.7070871204372096
Gujarat,2007,4,123195,194751,317946,0.018376153159408787,119193.66666666667,0.6325769829166474
Gujarat,2008,5,123808,200315,324123,0.004975851292666099,122658.33333333333,0.6180665451913236
Gujarat,2009,6,115183,213339,328522,-0.06966431894546395,120728.66666666667,0.5399059712476387
Gujarat,2010,7,116439,218751,335190,0.010904386932099355,118476.66666666667,0.5322901381022258
Gujarat,2011,8,123371,221212,344583,0.05953331787459528,118331.0,0.5577048261396308
Gujarat,2012,9,130121,232528,362649,0.05471302007765196,123310.33333333333,0.5595928232298906
Gujarat,2013,10,157435,255801,413236,0.20991231238616365,136975.66666666666,0.6154588918729794
Gujarat,2014,11,131385,290914,422299,-0.16546511258614666,139647.0,0.45162831627216293
Gujarat,2015,12,126935,307108,434043,-0.03386992426837158,138585.0,0.41332365161441575
Gujarat,2016,13,147122,288300,435422,0.15903415133729862,135147.33333333334,0.5103087062088103
Gujarat,2017,14,128775,206024,334799,-0.12470602629110535,134277.33333333334,0.6250485380344037
Gujarat,2018,15,147574,245620,393194,0.14598330421277422,141157.0,0.6008224085986483
Gujarat,2019,16,139503,291563,431066,-0.05469120576795371,138617.33333333334,0.47846606050836354
Gujarat,2020,17,381849,317770,699619,1.7372099524741405,222975.33333333334,1.2016521383390502
Haryana,2003,0,38612,27825,66437,0.0,38612.0,1.3876729559748429
Haryana,2004,1,39096,25167,64263,0.012534963223868227,39096.0,1.5534628680414828
Haryana,2005,2,42664,22600,65264,0.09126253325148352,40124.0,1.887787610619469
Haryana,2006,3,50509,22221,72730,0.18387867991749485,44089.666666666664,2.2730300166509156
Haryana,2007,4,51597,19526,71123,0.021540715516046645,48256.666666666664,2.6424766977363516
Haryana,2008,5,55344,23155,78499,0.07262050119192977,52483.333333333336,2.390153314618873
Haryana,2009,6,56229,23143,79372,0.015990893321769298,54390.0,2.4296331504126516
Haryana,2010,7,59120,21775,80895,0.051414750395703285,56897.666666666664,2.7150401836969
Haryana,2011,8,60741,22235,82976,0.027418809201623817,58696.666666666664,2.7317742298178547
Haryana,2012,9,62480,29733,92213,0.028629755848603087,60780.333333333336,2.101368849426563
Haryana,2013,10,72098,49145,121243,0.15393725992317542,65106.333333333336,1.4670464950656221
Haryana,2014,11,79947,35522,115469,0.10886571056062581,71508.33333333333,2.2506334102809524
Haryana,2015,12,84466,47523,131989,0.05652494777790286,78837.0,1.7773709572207141
Haryana,2016,13,88527,54584,143111,0.048078516799659035,84313.33333333333,1.6218488934486297
Haryana,2017,14,97924,126892,224816,0.10614840670078056,90305.66666666667,0.771711376603726
Haryana,2018,15,108212,83017,191229,0.10506106776683959,98221.0,1.3034920558439838
Haryana,2019,16,111323,55013,166336,0.028749122093667985,105819.66666666667,2.023576245614673
Haryana,2020,17,103276,89119,192395,-0.07228515221472652,107603.66666666667,1.1588550140822944
Himachal Pradesh,2003,0,12011,4420,16431,0.0,12011.0,2.717420814479638
Himachal Pradesh,2004,1,12326,4703,17029,0.026225959537091,12326.0,2.620880289177121
Himachal Pradesh,2005,2,12345,4491,16836,0.001541457082589648,12227.333333333334,2.7488309953239813
Himachal Pradesh,2006,3,13093,5003,18096,0.06059133252328878,12588.0,2.6170297821307216
Himachal Pradesh,2007,4,14222,3665,17887,0.08622928282288246,13220.0,3.8804911323328786
Himachal Pradesh,2008,5,13976,4067,18043,-0.01729714526789481,13763.666666666666,3.436439636095402
Himachal Pradesh,2009,6,13315,4103,17418,-0.04729536348025186,13837.666666666666,3.2451864489398003
Himachal Pradesh,2010,7,13049,3760,16809,-0.019977469019902366,13446.666666666666,3.470478723404255
Himachal Pradesh,2011,8,14312,4563,18875,0.09678902597900223,13558.666666666666,3.1365329826868287
Himachal Pradesh,2012,9,12557,3380,15937,-0.12262437115707099,13306.0,3.7150887573964497
Himachal Pradesh,2013,10,13750,1983,15733,0.09500676913275465,13539.666666666666,6.9339384770549675
Himachal Pradesh,2014,11,14160,2962,17122,0.029818181818181817,13489.0,4.7805536799459825
Himachal Pradesh,2015,12,14007,3214,17221,-0.010805084745762712,13972.333333333334,4.358120721841941
Himachal Pradesh,2016,13,13386,3863,17249,-0.04433497536945813,13851.0,3.4651825006471655
Himachal Pradesh,2017,14,13007,4789,17796,-0.028313163006125804,13466.666666666666,2.716015869701399
Himachal Pradesh,2018,15,14604,4990,19594,0.1227800415161067,13665.666666666666,2.9266533066132263
Himachal Pradesh,2019,16,14480,5444,19924,-0.008490824431662557,14030.333333333334,2.659808963997061
Himachal Pradesh,2020,17,14803,5827,20630,0.022306629834254143,14629.0,2.540415308048739
Jharkhand,2003,0,32203,2024,34227,0.0,32203.0,15.910573122529645
Jharkhand,2004,1,31439,1729,33168,-0.02372449771760395,31439.0,18.183342972816657
Jharkhand,2005,2,35175,3419,38594,0.11883329622443461,32939.0,10.288095934483767
Jharkhand,2006,3,36364,2536,38900,0.033802416488983654,34326.0,14.339116719242902
Jharkhand,2007,4,38489,2697,41186,0.05843691563084369,36676.0,14.271041898405636
Jharkhand,2008,5,38686,3170,41856,0.005118345501312063,37846.333333333336,12.20378548895899
Jharkhand,2009,6,37436,3635,41071,-0.03231143049165073,38203.666666666664,10.298762035763412
Jharkhand,2010,7,38889,3932,42821,0.03881290736189764,38337.0,9.890386571719226
Jharkhand,2011,8,35838,3665,39503,-0.07845406155982411,37387.666666666664,9.778444747612552
Jharkhand,2012,9,40946,4490,45436,0.1425302751269602,38557.666666666664,9.119376391982183
Jharkhand,2013,10,48208,5900,54108,0.1773555414448298,41664.0,8.170847457627119
Jharkhand,2014,11,23848,6321,30169,-0.5053103219382675,37667.333333333336,3.7728207562094607
Jharkhand,2015,12,45050,7861,52911,0.8890472995639047,39035.333333333336,5.73082305050248
Jharkhand,2016,13,40710,7107,47817,-0.09633740288568257,36536.0,5.728155339805825
Jharkhand,2017,14,44595,8069,52664,0.09543109801031688,43451.666666666664,5.526707150824142
Jharkhand,2018,15,45287,10377,55664,0.015517434689987666,43530.666666666664,4.364170762262696
Jharkhand,2019,16,50048,12158,62206,0.10512950736414424,46643.333333333336,4.1164665240993585
Jharkhand,2020,17,51033,12537,63570,0.019681106138107418,48789.333333333336,4.070591050490548
Karnataka,2003,0,112405,15576,127981,0.0,112405.0,7.216551104262969
Karnataka,2004,1,114440,15378,129818,0.018104176860459942,114440.0,7.441799973988815
Karnataka,2005,2,117580,17097,134677,0.027437958755679833,114808.33333333333,6.877229923378371
Karnataka,2006,3,117710,15729,133439,0.001105630209219255,116576.66666666667,7.483628965604933
Karnataka,2007,4,120606,16046,136652,0.024602837481947158,118632.0,7.516265736008974
Karnataka,2008,5,127540,19651,147191,0.057492993715072216,121952.0,6.490254948857564
Karnataka,2009,6,134042,17225,151267,0.05098008467931629,127396.0,7.781828737300436
Karnataka,2010,7,142322,16174,158496,0.061771683502185884,134634.66666666666,8.79943118585384
Karnataka,2011,8,137600,17233,154833,-0.033178285858827164,137988.0,7.984680554749608
Karnataka,2012,9,134021,17795,151816,-0.02601017441860465,137981.0,7.531385220567575
Karnataka,2013,10,136689,22710,159399,0.019907327956066586,136103.33333333334,6.01889035667107
Karnataka,2014,11,137338,25665,163003,0.0047480045943711635,136016.0,5.351178647964153
Karnataka,2015,12,138847,32019,170866,0.010987490716334881,137624.66666666666,4.336394016052968
Karnataka,2016,13,148402,31077,179479,0.06881675513334821,141529.0,4.775300061138463
Karnataka,2017,14,146354,37709,184063,-0.013800353094971766,144534.33333333334,3.8811424328409663
Karnataka,2018,15,126534,36882,163416,-0.13542506525274334,140430.0,3.430779241906621
Karnataka,2019,16,120165,43526,163691,-0.05033429750106691,131017.66666666667,2.7607636814777377
Karnataka,2020,17,106350,43730,150080,-0.11496692048433405,117683.0,2.4319689000686027
Kerala,2003,0,98824,41055,139879,0.0,98824.0,2.407112410181464
Kerala,2004,1,104025,52110,156135,0.0526289160527807,104025.0,1.996257915947035
Kerala,2005,2,104350,57821,162171,0.0031242489786109107,102399.66666666667,1.8047076321751612
Kerala,2006,3,105255,54176,159431,0.008672735984666986,104543.33333333333,1.942834465445954
Kerala,2007,4,108530,88726,197256,0.031114911405633938,106045.0,1.223204021369159
Kerala,2008,5,110620,141788,252408,0.01925734819865475,108135.0,0.7801788585775947
Kerala,2009,6,118369,166374,284743,0.07005062375700596,112506.33333333333,0.7114633296067895
Kerala,2010,7,148313,225458,373771,0.2529716395339996,125767.33333333333,0.657829839704069
Kerala,2011,8,172137,246633,418770,0.16063325534511472,146273.0,0.6979479631679459
Kerala,2012,9,158989,352289,511278,-0.07638102209286789,159813.0,0.4513027656270846
Kerala,2013,10,176334,406848,583182,0.10909559780865342,169153.33333333334,0.43341493629070316
Kerala,2014,11,206789,403576,610365,0.17271201243095488,180704.0,0.512391718040716
Kerala,2015,12,257074,396334,653408,0.24317057483715285,213399.0,0.6486296911191066
Kerala,2016,13,260097,447773,707870,0.011759259979616764,241320.0,0.5808679844474768
Kerala,2017,14,235846,417654,653500,-0.09323829186803385,251005.66666666666,0.5646923051138023
Kerala,2018,15,186958,325209,512167,-0.20728780644997158,227633.66666666666,0.5748856888954488
Kerala,2019,16,175810,277273,453083,-0.05962836572920121,199538.0,0.6340682287853487
Kerala,2020,17,149099,405625,554724,-0.15193106194186906,170622.33333333334,0.3675784283513097
Madhya Pradesh,2003,0,191078,162825,353903,0.0,191078.0,1.173517580224167
Madhya Pradesh,2004,1,196867,201118,397985,0.030296528119406734,196867.0,0.9788631549637526
Madhya Pradesh,2005,2,189172,227901,417073,-0.03908730259515307,192372.33333333334,0.830062176120333
Madhya Pradesh,2006,3,194711,183669,378380,0.029280231746770136,193583.33333333334,1.0601190184516711
Madhya Pradesh,2007,4,202386,196849,399235,0.039417392956741015,195423.0,1.0281281591473668
Madhya Pradesh,2008,5,206556,184452,391008,0.020604191989564497,201217.66666666666,1.1198360549085942
Madhya Pradesh,2009,6,207762,127778,335540,0.0058386103526404465,205568.0,1.6259606505032165
Madhya Pradesh,2010,7,214269,129574,343843,0.03131949057094175,209529.0,1.653641934338679
Madhya Pradesh,2011,8,217094,118319,335413,0.01318436171354699,213041.66666666666,1.8348194288322248
Madhya Pradesh,2012,9,220335,104510,324845,0.01492901692354464,217232.66666666666,2.108267151468759
Madhya Pradesh,2013,10,227453,91191,318644,0.03230535321215422,221627.33333333334,2.494248335910342
Madhya Pradesh,2014,11,272423,101746,374169,0.19771117549559689,240070.33333333334,2.6774811786212727
Madhya Pradesh,2015,12,268614,89891,358505,-0.01398193250936962,256163.33333333334,2.988219065312434
Madhya Pradesh,2016,13,264418,100736,365154,-0.015620928172023795,268485.0,2.6248610228716647
Madhya Pradesh,2017,14,269512,110170,379682,0.01926495170525456,267514.6666666667,2.4463284015612237
Madhya Pradesh,2018,15,248354,156775,405129,-0.07850485321618332,260761.33333333334,1.5841428799234571
Madhya Pradesh,2019,16,246470,149149,395619,-0.007585945867592227,254778.66666666666,1.6525085652602431
Madhya Pradesh,2020,17,283881,144165,428046,0.15178723576905911,259568.33333333334,1.9691395276245969
Maharashtra,2003,0,164306,174606,338912,0.0,164306.0,0.9410100454738096
Maharashtra,2004,1,176302,169317,345619,0.07301011527272284,176302.0,1.0412539792224054
Maharashtra,2005,2,187027,142293,329320,0.06083311590339304,175878.33333333334,1.3143794845846246
Maharashtra,2006,3,191788,129397,321185,0.025456217551476524,185039.0,1.482167283630996
Maharashtra,2007,4,195707,120310,316017,0.02043402089807496,191507.33333333334,1.62668938575347
Maharashtra,2008,5,206243,120138,326381,0.05383558074059691,197912.66666666666,1.7167174416088165
Maharashtra,2009,6,199598,135418,335016,-0.03221927532085937,200516.0,1.4739399488989646
Maharashtra,2010,7,208168,127940,336108,0.042936301966953576,204669.66666666666,1.6270751914960138
Maharashtra,2011,8,204902,130222,335124,-0.015689250989585336,204222.66666666666,1.573482207307521
Maharashtra,2012,9,202700,130980,333680,-0.01074660081404769,205256.66666666666,1.5475645136662086
Maharashtra,2013,10,234385,124124,358509,0.15631475086334484,213995.66666666666,1.8883132996036223
Maharashtra,2014,11,249834,134981,384815,0.06591292104870192,228973.0,1.8508827168268127
Maharashtra,2015,12,275414,147765,423179,0.10238798562245331,253211.0,1.8638649206510338
Maharashtra,2016,13,261714,169152,430866,-0.049743295547793505,262320.6666666667,1.5472119750283768
Maharashtra,2017,14,288879,178874,467753,0.10379651069488068,275335.6666666667,1.6149859677762
Maharashtra,2018,15,346291,169383,515674,0.19874064919914566,298961.3333333333,2.044425945933181
Maharashtra,2019,16,341084,168349,509433,-0.015036486654287867,325418.0,2.0260530208079643
Maharashtra,2020,17,394017,144986,539003,0.15519051025553823,360464.0,2.7176210116838866
Manipur,2003,0,2537,615,3152,0.0,2537.0,4.12520325203252
Manipur,2004,1,2535,452,2987,-0.0007883326763894363,2535.0,5.6084070796460175
Manipur,2005,2,2913,538,3451,0.14911242603550295,2661.6666666666665,5.41449814126394
Manipur,2006,3,2884,483,3367,-0.009955372468245795,2777.3333333333335,5.971014492753623
Manipur,2007,4,3259,753,4012,0.13002773925104022,3018.6666666666665,4.328021248339973
Manipur,2008,5,3349,1086,4435,0.027615833077631175,3164.0,3.083793738489871
Manipur,2009,6,2852,917,3769,-0.14840250821140638,3153.3333333333335,3.110141766630316
Manipur,2010,7,2715,979,3694,-0.048036465638148666,2972.0,2.773237997957099
Manipur,2011,8,3218,1218,4436,0.1852670349907919,2928.3333333333335,2.6420361247947457
Manipur,2012,9,3737,1497,5234,0.1612802983219391,3223.3333333333335,2.4963259853039412
Manipur,2013,10,3178,752,3930,-0.1495852287931496,3377.6666666666665,4.226063829787234
Manipur,2014,11,3641,868,4509,0.14568911264946507,3518.6666666666665,4.194700460829493
Manipur,2015,12,3847,1004,4851,0.0565778632243889,3555.3333333333335,3.8316733067729083
Manipur,2016,13,3170,928,4098,-0.17598128411749414,3552.6666666666665,3.415948275862069
Manipur,2017,14,3416,834,4250,0.07760252365930599,3477.6666666666665,4.095923261390888
Manipur,2018,15,2869,912,3781,-0.1601288056206089,3151.6666666666665,3.1458333333333335
Manipur,2019,16,2830,831,3661,-0.013593586615545486,3038.3333333333335,3.405535499398315
Manipur,2020,17,2349,637,2986,-0.16996466431095406,2682.6666666666665,3.6875981161695446
Meghalaya,2003,0,1669,376,2045,0.0,1669.0,4.4388297872340425
Meghalaya,2004,1,1757,125,1882,0.052726183343319355,1757.0,14.056
Meghalaya,2005,2,1880,136,2016,0.07000569151963575,1768.6666666666667,13.823529411764707
Meghalaya,2006,3,1935,85,2020,0.02925531914893617,1857.3333333333333,22.764705882352942
Meghalaya,2007,4,2079,123,2202,0.07441860465116279,1964.6666666666667,16.902439024390244
Meghalaya,2008,5,2318,157,2475,0.11495911495911496,2110.6666666666665,14.764331210191083
Meghalaya,2009,6,2448,167,2615,0.056082830025884385,2281.6666666666665,14.658682634730539
Meghalaya,2010,7,2505,135,2640,0.023284313725490197,2423.6666666666665,18.555555555555557
Meghalaya,2011,8,2755,132,2887,0.0998003992015968,2569.3333333333335,20.87121212121212
Meghalaya,2012,9,2557,204,2761,-0.07186932849364791,2605.6666666666665,12.534313725490197
Meghalaya,2013,10,3259,209,3468,0.2745404771216269,2857.0,15.5933014354067
Meghalaya,2014,11,3679,304,3983,0.12887388769561214,3165.0,12.101973684210526
Meghalaya,2015,12,4079,327,4406,0.10872519706441967,3672.3333333333335,12.474006116207951
Meghalaya,2016,13,3366,216,3582,-0.17479774454523167,3708.0,15.583333333333334
Meghalaya,2017,14,3521,431,3952,0.046048722519310754,3655.3333333333335,8.169373549883991
Meghalaya,2018,15,2921,561,3482,-0.17040613462084636,3269.3333333333335,5.206773618538325
Meghalaya,2019,16,3125,772,3897,0.06983909619993153,3189.0,4.0479274611398965
Meghalaya,2020,17,2871,873,3744,-0.08128,2972.3333333333335,3.288659793814433
Mizoram,2003,0,3456,1008,4464,0.0,3456.0,3.4285714285714284
Mizoram,2004,1,1515,776,2291,-0.5616319444444444,1515.0,1.952319587628866
Mizoram,2005,2,2156,1214,3370,0.4231023102310231,2375.6666666666665,1.7759472817133444
Mizoram,2006,3,2073,977,3050,-0.03849721706864564,1914.6666666666667,2.121801432958035
Mizoram,2007,4,2083,824,2907,0.00482392667631452,2104.0,2.5279126213592233
Mizoram,2008,5,1989,692,2681,-0.04512722035525684,2048.3333333333335,2.8742774566473988
Mizoram,2009,6,2047,742,2789,0.029160382101558573,2039.6666666666667,2.7587601078167117
Mizoram,2010,7,2174,832,3006,0.06204201270151441,2070.0,2.612980769230769
Mizoram,2011,8,1821,908,2729,-0.1623735050597976,2014.0,2.0055066079295156
Mizoram,2012,9,1766,696,2462,-0.030203185063152116,1920.3333333333333,2.5373563218390807
Mizoram,2013,10,1709,564,2273,-0.03227633069082673,1765.3333333333333,3.030141843971631
Mizoram,2014,11,2140,435,2575,0.2521942656524283,1871.6666666666667,4.919540229885057
Mizoram,2015,12,2228,347,2575,0.041121495327102804,2025.6666666666667,6.420749279538905
Mizoram,2016,13,2425,375,2800,0.08842010771992818,2264.3333333333335,6.466666666666667
Mizoram,2017,14,2118,620,2738,-0.1265979381443299,2257.0,3.4161290322580644
Mizoram,2018,15,1774,577,2351,-0.16241737488196412,2105.6666666666665,3.0745233968804158
Mizoram,2019,16,2379,501,2880,0.3410372040586246,2090.3333333333335,4.748502994011976
Mizoram,2020,17,1787,502,2289,-0.24884405212274066,1980.0,3.5597609561752988
Nagaland,2003,0,976,342,1318,0.0,976.0,2.853801169590643
Nagaland,2004,1,984,482,1466,0.00819672131147541,984.0,2.04149377593361
Nagaland,2005,2,1049,414,1463,0.06605691056910569,1003.0,2.533816425120773
Nagaland,2006,3,1103,308,1411,0.05147759771210677,1045.3333333333333,3.581168831168831
Nagaland,2007,4,1180,305,1485,0.06980961015412511,1110.6666666666667,3.8688524590163933
Nagaland,2008,5,1202,398,1600,0.01864406779661017,1161.6666666666667,3.020100502512563
Nagaland,2009,6,1059,339,1398,-0.11896838602329451,1147.0,3.1238938053097347
Nagaland,2010,7,1059,408,1467,0.0,1106.6666666666667,2.5955882352941178
Nagaland,2011,8,1083,342,1425,0.0226628895184136,1067.0,3.1666666666666665
Nagaland,2012,9,1090,325,1415,0.006463527239150508,1077.3333333333333,3.353846153846154
Nagaland,2013,10,1216,480,1696,0.11559633027522936,1129.6666666666667,2.533333333333333
Nagaland,2014,11,1157,514,1671,-0.04851973684210526,1154.3333333333333,2.2509727626459144
Nagaland,2015,12,1302,626,1928,0.12532411408815902,1225.0,2.0798722044728435
Nagaland,2016,13,1376,532,1908,0.05683563748079877,1278.3333333333333,2.5864661654135337
Nagaland,2017,14,1068,485,1553,-0.2238372093023256,1248.6666666666667,2.2020618556701033
Nagaland,2018,15,1223,552,1775,0.1451310861423221,1222.3333333333333,2.2155797101449277
Nagaland,2019,16,1117,544,1661,-0.0866721177432543,1136.0,2.0533088235294117
Nagaland,2020,17,1022,489,1511,-0.08504923903312445,1120.6666666666667,2.0899795501022496
Odisha,2003,0,47281,11642,58923,0.0,47281.0,4.061243772547672
Odisha,2004,1,48739,13775,62514,0.030836911232841945,48739.0,3.5382214156079854
Odisha,2005,2,51685,13344,65029,0.06044440796897761,49235.0,3.8732763788968825
Odisha,2006,3,52792,12760,65552,0.02141820644287511,51072.0,4.13730407523511
Odisha,2007,4,54872,12162,67034,0.0393999090771329,53116.333333333336,4.511757934550238
Odisha,2008,5,56755,11163,67918,0.03431622685522671,54806.333333333336,5.084206754456687
Odisha,2009,6,55740,12731,68471,-0.01788388688221302,55789.0,4.378289215301233
Odisha,2010,7,56459,12049,68508,0.012899174739863652,56318.0,4.68578305253548
Odisha,2011,8,61277,12353,73630,0.08533626171203883,57825.333333333336,4.9604954262122565
Odisha,2012,9,67957,16003,83960,0.1090131697047832,61897.666666666664,4.246516278197838
Odisha,2013,10,71718,18466,90184,0.05534382035699045,66984.0,3.8837864182822486
Odisha,2014,11,74569,19088,93657,0.03975292116344572,71414.66666666667,3.9065905280804696
Odisha,2015,12,83360,19848,103208,0.11789081253604045,76549.0,4.1999193873438125
Odisha,2016,13,81460,22105,103565,-0.02279270633397313,79796.33333333333,3.6851391087989143
Odisha,2017,14,83583,20283,103866,0.026061870856862263,82801.0,4.1208401124094065
Odisha,2018,15,83769,23639,107408,0.002225332902623739,82937.33333333333,3.543677820550785
Odisha,2019,16,96033,25492,121525,0.14640260716971673,87795.0,3.7671818609759926
Odisha,2020,17,108533,25697,134230,0.13016358959940855,96111.66666666667,4.223566953340857
Punjab,2003,0,28756,25739,54495,0.0,28756.0,1.1172151210225727
Punjab,2004,1,25630,24294,49924,-0.10870774794825427,25630.0,1.0549930023874208
Punjab,2005,2,27136,26592,53728,0.058759266484588374,27174.0,1.0204572803850782
Punjab,2006,3,32068,20730,52798,0.18175117924528303,28278.0,1.5469368065605402
Punjab,2007,4,35793,22612,58405,0.11615941125109143,31665.666666666668,1.5829205731470015
Punjab,2008,5,35314,20044,55358,-0.013382504959070209,34391.666666666664,1.761823987228098
Punjab,2009,6,35545,17911,53456,0.0065413150591833264,35550.666666666664,1.9845346435151583
Punjab,2010,7,36648,18338,54986,0.031031087354058236,35835.666666666664,1.9984731159341258
Punjab,2011,8,34883,16406,51289,-0.048160881903514516,35692.0,2.1262343045227357
Punjab,2012,9,35790,23677,59467,0.026001204024883182,35773.666666666664,1.511593529585674
Punjab,2013,10,36667,27616,64283,0.02450405141100866,35780.0,1.3277447856315179
Punjab,2014,11,37162,27812,64974,0.013499877273842964,36539.666666666664,1.3361858190709046
Punjab,2015,12,37983,22253,60236,0.022092460039825627,37270.666666666664,1.7068709836875926
Punjab,2016,13,40007,17732,57739,0.05328699681436432,38384.0,2.2562034739454093
Punjab,2017,14,39288,31385,70673,-0.017971854925388057,39092.666666666664,1.2518081886251393
Punjab,2018,15,41640,28678,70318,0.05986560781918143,40311.666666666664,1.4519840993095754
Punjab,2019,16,44697,28158,72855,0.0734149855907781,41875.0,1.5873641593863201
Punjab,2020,17,49870,33005,82875,0.11573483678994116,45402.333333333336,1.510983184366005
Rajasthan,2003,0,145579,33850,179429,0.0,145579.0,4.300709010339734
Rajasthan,2004,1,154859,31302,186161,0.06374545779267614,154859.0,4.9472557664047025
Rajasthan,2005,2,140917,31072,171989,-0.09003028561465591,147118.33333333334,4.535176364572606
Rajasthan,2006,3,141992,35942,177934,0.00762860407190048,145922.66666666666,3.950587056925046
Rajasthan,2007,4,148870,37631,186501,0.048439348695701163,143926.33333333334,3.9560468762456487
Rajasthan,2008,5,151174,40359,191533,0.015476590313696513,147345.33333333334,3.7457320548080975
Rajasthan,2009,6,166565,43780,210345,0.10180983502454126,155536.33333333334,3.80459113750571
Rajasthan,2010,7,162957,49810,212767,-0.021661213340137483,160232.0,3.2715719734992974
Rajasthan,2011,8,165622,58982,224604,0.016354007498910757,165048.0,2.808009223152826
Rajasthan,2012,9,170948,71604,242552,0.03215756360869933,166509.0,2.3874085246634267
Rajasthan,2013,10,196224,72155,268379,0.1478578281114725,177598.0,2.719478899591158
Rajasthan,2014,11,210418,58140,268558,0.07233569797782126,192530.0,3.619160646714826
Rajasthan,2015,12,198080,64096,262176,-0.05863566805121235,201574.0,3.09036445332002
Rajasthan,2016,13,180398,70749,251147,-0.08926696284329563,196298.66666666666,2.5498310930189825
Rajasthan,2017,14,169941,75612,245553,-0.057966274570671515,182806.33333333334,2.247540073004285
Rajasthan,2018,15,171889,78657,250546,0.011462801795917407,174076.0,2.185298193422073
Rajasthan,2019,16,225306,79088,304394,0.31076450500032,189045.33333333334,2.8488013352215256
Rajasthan,2020,17,193279,67099,260378,-0.14214889971860492,196824.66666666666,2.8805049255577577
Sikkim,2003,0,443,175,618,0.0,443.0,2.5314285714285716
Sikkim,2004,1,631,156,787,0.42437923250564336,631.0,4.044871794871795
Sikkim,2005,2,552,369,921,-0.12519809825673534,542.0,1.4959349593495934
Sikkim,2006,3,703,143,846,0.27355072463768115,628.6666666666666,4.916083916083916
Sikkim,2007,4,667,190,857,-0.051209103840682786,640.6666666666666,3.5105263157894737
Sikkim,2008,5,730,81,811,0.0944527736131934,700.0,9.012345679012345
Sikkim,2009,6,669,86,755,-0.08356164383561644,688.6666666666666,7.77906976744186
Sikkim,2010,7,552,164,716,-0.17488789237668162,650.3333333333334,3.3658536585365852
Sikkim,2011,8,596,171,767,0.07971014492753623,605.6666666666666,3.4853801169590644
Sikkim,2012,9,528,210,738,-0.11409395973154363,558.6666666666666,2.5142857142857142
Sikkim,2013,10,851,284,1135,0.6117424242424242,658.3333333333334,2.9964788732394365
Sikkim,2014,11,1065,200,1265,0.25146886016451236,814.6666666666666,5.325
Sikkim,2015,12,766,184,950,-0.28075117370892017,894.0,4.163043478260869
Sikkim,2016,13,809,211,1020,0.05613577023498695,880.0,3.8341232227488153
Sikkim,2017,14,719,260,979,-0.11124845488257108,764.6666666666666,2.7653846153846153
Sikkim,2018,15,620,249,869,-0.1376912378303199,716.0,2.4899598393574296
Sikkim,2019,16,632,189,821,0.01935483870967742,657.0,3.3439153439153437
Sikkim,2020,17,504,171,675,-0.20253164556962025,585.3333333333334,2.9473684210526314
Tamil Nadu,2003,0,157186,576863,734049,0.0,157186.0,0.27248410801178097
Tamil Nadu,2004,1,166606,636211,802817,0.05992900131054928,166606.0,0.26187224049882823
Tamil Nadu,2005,2,162360,533721,696081,-0.025485276640697215,162050.66666666666,0.3042038818034141
Tamil Nadu,2006,3,148972,449207,598179,-0.08245873367824587,159312.66666666666,0.3316333004605894
Tamil Nadu,2007,4,172754,474963,647717,0.15964073785677846,161362.0,0.3637209635276853
Tamil Nadu,2008,5,176833,491797,668630,0.023611609571992546,166186.33333333334,0.35956502378013694
Tamil Nadu,2009,6,174691,543266,717957,-0.012113123681665752,174759.33333333334,0.32155702731258723
Tamil Nadu,2010,7,185678,515788,701466,0.06289390981790705,179067.33333333334,0.3599889877236384
Tamil Nadu,2011,8,192879,526208,719087,0.038782192828444945,184416.0,0.36654516845049867
Tamil Nadu,2012,9,200474,549064,749538,0.03937701875268951,193010.33333333334,0.36511954890504567
Tamil Nadu,2013,10,203579,493099,696678,0.015488292746191526,198977.33333333334,0.4128562418500139
Tamil Nadu,2014,11,193200,311879,505079,-0.050982665206136195,199084.33333333334,0.6194710127966294
Tamil Nadu,2015,12,187558,254604,442162,-0.029202898550724637,194779.0,0.7366655669196085
Tamil Nadu,2016,13,179896,287473,467369,-0.04085136331161561,186884.66666666666,0.6257839866700525
Tamil Nadu,2017,14,178836,242040,420876,-0.0058922933250322405,182096.66666666666,0.7388696083292018
Tamil Nadu,2018,15,185912,313276,499188,0.03956697756603816,181548.0,0.5934447579769916
Tamil Nadu,2019,16,168116,286978,455094,-0.09572270751753517,177621.33333333334,0.5858149405180885
Tamil Nadu,2020,17,891700,485981,1377681,4.304075757215256,415242.6666666667,1.834845395190347
Telangana,2003,0,0,0,0,0.0,0.0,0.0
Telangana,2004,1,0,0,0,0.0,0.0,0.0
Telangana,2005,2,0,0,0,0.0,0.0,0.0
Telangana,2006,3,0,0,0,0.0,0.0,0.0
Telangana,2007,4,0,0,0,0.0,0.0,0.0
Telangana,2008,5,0,0,0,0.0,0.0,0.0
Telangana,2009,6,0,0,0,0.0,0.0,0.0
Telangana,2010,7,0,0,0,0.0,0.0,0.0
Telangana,2011,8,0,0,0,0.0,0.0,0.0
Telangana,2012,9,0,0,0,0.0,0.0,0.0
Telangana,2013,10,0,0,0,0.0,0.0,0.0
Telangana,2014,11,106830,20876,127706,0.0,35610.0,5.117359647442039
Telangana,2015,12,106282,16496,122778,-0.005129645230740429,71037.33333333333,6.442895247332687
Telangana,2016,13,108991,11282,120273,0.025488793963229898,107367.66666666667,9.66060982095373
Telangana,2017,14,119858,13339,133197,0.09970548026901303,111710.33333333333,8.985531149261563
Telangana,2018,15,113951,12907,126858,-0.049283318593669176,114266.66666666667,8.82862012861238
Telangana,2019,16,118338,12916,131254,0.038499003957841525,117382.33333333333,9.16212449674822
Telangana,2020,17,135885,11619,147504,0.1482786594331491,122724.66666666667,11.695068422411568
Tripura,2003,0,3514,78,3592,0.0,3514.0,45.05128205128205
Tripura,2004,1,3081,110,3191,-0.1232214001138304,3081.0,28.009090909090908
Tripura,2005,2,3356,213,3569,0.08925673482635509,3317.0,15.755868544600938
Tripura,2006,3,3940,206,4146,0.17401668653158522,3459.0,19.12621359223301
Tripura,2007,4,4273,175,4448,0.08451776649746193,3856.3333333333335,24.417142857142856
Tripura,2008,5,5336,245,5581,0.24877135501989234,4516.333333333333,21.779591836734692
Tripura,2009,6,5486,208,5694,0.02811094452773613,5031.666666666667,26.375
Tripura,2010,7,5805,178,5983,0.058148013124316444,5542.333333333333,32.6123595505618
Tripura,2011,8,5803,148,5951,-0.0003445305770887166,5698.0,39.20945945945946
Tripura,2012,9,6264,207,6471,0.0794416681027055,5957.333333333333,30.26086956521739
Tripura,2013,10,6210,336,6546,-0.008620689655172414,6092.333333333333,18.482142857142858
Tripura,2014,11,5499,260,5759,-0.1144927536231884,5991.0,21.15
Tripura,2015,12,4692,172,4864,-0.14675395526459356,5467.0,27.27906976744186
Tripura,2016,13,3933,148,4081,-0.16176470588235295,4708.0,26.574324324324323
Tripura,2017,14,3918,320,4238,-0.0038138825324180014,4181.0,12.24375
Tripura,2018,15,5325,753,6078,0.35911179173047475,4392.0,7.0717131474103585
Tripura,2019,16,5336,652,5988,0.0020657276995305163,4859.666666666667,8.184049079754601
Tripura,2020,17,4010,643,4653,-0.2485007496251874,4890.333333333333,6.236391912908243
Uttar Pradesh,2003,0,95073,730661,825734,0.0,95073.0,0.13011916607017482
Uttar Pradesh,2004,1,130181,857586,987767,0.3692741367159972,130181.0,0.1517993530677973
Uttar Pradesh,2005,2,122108,1010654,1132762,-0.06201365790706785,115787.33333333333,0.12082077545826762
Uttar Pradesh,2006,3,127001,1189216,1316217,0.04007108461362073,126430.0,0.10679388773780372
Uttar Pradesh,2007,4,150258,1444342,1594600,0.18312454232643838,133122.33333333334,0.10403214751076961
Uttar Pradesh,2008,5,168996,1901712,2070708,0.12470550652877052,148751.66666666666,0.08886519094373911
Uttar Pradesh,2009,6,172884,2343444,2516328,0.02300646169140098,164046.0,0.07377347186448663
Uttar Pradesh,2010,7,174179,2113620,2287799,0.007490571712824784,172019.66666666666,0.08240790681390221
Uttar Pradesh,2011,8,195135,1890833,2085968,0.12031301132742753,180732.66666666666,0.10320054706047546
Uttar Pradesh,2012,9,198093,1626067,1824160,0.015158736259512645,189135.66666666666,0.1218233935010058
Uttar Pradesh,2013,10,226445,1916743,2143188,0.14312469395687885,206557.66666666666,0.11814051231698772
Uttar Pradesh,2014,11,240475,2393330,2633805,0.061957649760427475,221671.0,0.10047715943894073
Uttar Pradesh,2015,12,241920,232639,474559,0.006008940638319991,236280.0,1.0398944287071386
Uttar Pradesh,2016,13,282171,211854,494025,0.16638144841269842,254855.33333333334,1.3319125435441388
Uttar Pradesh,2017,14,310084,289998,600082,0.09892228471387918,278058.3333333333,1.0692625466382526
Uttar Pradesh,2018,15,342355,242802,585157,0.1040717998993821,311536.6666666667,1.4100172156736765
Uttar Pradesh,2019,16,353131,275447,628578,0.03147609937053643,335190.0,1.2820288476549027
Uttar Pradesh,2020,17,355110,302815,657925,0.005604152566611257,350198.6666666667,1.1726962006505621
Uttarakhand,2003,0,7923,47383,55306,0.0,7923.0,0.16721186923580186
Uttarakhand,2004,1,8634,65390,74024,0.08973873532752745,8634.0,0.13203853800275273
Uttarakhand,2005,2,8033,126953,134986,-0.06960852443826732,8196.666666666666,0.06327538537884099
Uttarakhand,2006,3,8412,120325,128737,0.04718038092866924,8359.666666666666,0.06991065863286931
Uttarakhand,2007,4,9599,140428,150027,0.14110794103661436,8681.333333333334,0.06835531375509157
Uttarakhand,2008,5,8856,149626,158482,-0.07740389623919158,8955.666666666666,0.05918757435205112
Uttarakhand,2009,6,8802,186738,195540,-0.006097560975609756,9085.666666666666,0.04713555891141599
Uttarakhand,2010,7,9240,160196,169436,0.04976141785957737,8966.0,0.057679342805063795
Uttarakhand,2011,8,8774,78296,87070,-0.050432900432900434,8938.666666666666,0.11206191887197303
Uttarakhand,2012,9,8882,126538,135420,0.012309095053567358,8965.333333333334,0.07019235328517916
Uttarakhand,2013,10,9546,168414,177960,0.07475793740148615,9067.333333333334,0.05668174854822046
Uttarakhand,2014,11,9156,170767,179923,-0.04085480829666876,9194.666666666666,0.05361691661737924
Uttarakhand,2015,12,10248,4796,15044,0.11926605504587157,9650.0,2.1367806505421183
Uttarakhand,2016,13,10867,5207,16074,0.060402029664324744,10090.333333333334,2.0869982715575186
Uttarakhand,2017,14,12889,15972,28861,0.18606791202723844,11334.666666666666,0.8069747057350363
Uttarakhand,2018,15,14739,19976,34715,0.14353324540305687,12831.666666666666,0.7378354024829796
Uttarakhand,2019,16,12081,16187,28268,-0.1803378790962752,13236.333333333334,0.7463396552789275
Uttarakhand,2020,17,13812,43520,57332,0.14328284082443507,13544.0,0.3173713235294118
West Bengal,2003,0,61174,1058493,1119667,0.0,61174.0,0.05779348564421305
West Bengal,2004,1,69350,1278298,1347648,0.13365155131264916,69350.0,0.05425182547418521
West Bengal,2005,2,66406,9235,75641,-0.042451333813987024,65643.33333333333,7.190687601515972
West Bengal,2006,3,68052,7588,75640,0.024786916844863414,67936.0,8.96837111228255
West Bengal,2007,4,81102,6453,87555,0.19176512078998412,71853.33333333333,12.568107856810785
West Bengal,2008,5,105419,6956,112375,0.29983230993070453,84857.66666666667,15.155117883841289
West Bengal,2009,6,113036,7092,120128,0.07225452717252108,99852.33333333333,15.938522278623802
West Bengal,2010,7,129616,7434,137050,0.1466789341448742,116023.66666666667,17.435566316922248
West Bengal,2011,8,143197,11635,154832,0.10477873102086162,128616.33333333333,12.307434464976364
West Bengal,2012,9,161427,12334,173761,0.12730713632268834,144746.66666666666,13.087968217934165
West Bengal,2013,10,169535,19618,189153,0.0502270376083307,158053.0,8.641808543174635
West Bengal,2014,11,185672,20708,206380,0.09518388533341197,172211.33333333334,8.966196638980104
West Bengal,2015,12,179501,26777,206278,-0.03323602912663191,178236.0,6.703551555439369
West Bengal,2016,13,176569,27831,204400,-0.01633417084027387,180580.66666666666,6.344328267040351
West Bengal,2017,14,163999,31538,195537,-0.07119029954295487,173356.33333333334,5.200044390893526
West Bengal,2018,15,157610,30453,188063,-0.03895755461923548,166059.33333333334,5.175516369487407
West Bengal,2019,16,157506,30543,188049,-0.0006598566080832435,159705.0,5.1568608191729695
West Bengal,2020,17,158060,24307,182367,0.0035173263240765433,157725.33333333334,6.502653556588637
Andaman and Nicobar Islands,2003,0,644,6003,6647,0.0,644.0,0.10727969348659004
Andaman and Nicobar Islands,2004,1,748,7028,7776,0.16149068322981366,748.0,0.1064314171883893
Andaman and Nicobar Islands,2005,2,682,7114,7796,-0.08823529411764706,691.3333333333334,0.09586730390778746
Andaman and Nicobar Islands,2006,3,676,6526,7202,-0.008797653958944282,702.0,0.10358565737051793
Andaman and Nicobar Islands,2007,4,807,5304,6111,0.1937869822485207,721.6666666666666,0.1521493212669683
Andaman and Nicobar Islands,2008,5,882,4900,5782,0.09293680297397769,788.3333333333334,0.18
Andaman and Nicobar Islands,2009,6,941,5177,6118,0.06689342403628118,876.6666666666666,0.1817655012555534
Andaman and Nicobar Islands,2010,7,980,4430,5410,0.04144527098831031,934.3333333333334,0.22121896162528218
Andaman and Nicobar Islands,2011,8,793,3772,4565,-0.19081632653061226,904.6666666666666,0.21023329798515378
Andaman and Nicobar Islands,2012,9,683,2186,2869,-0.13871374527112232,818.6666666666666,0.31244281793229645
Andaman and Nicobar Islands,2013,10,2046,2046,4092,1.9956076134699854,1174.0,1.0
Andaman and Nicobar Islands,2014,11,746,2122,2868,-0.635386119257087,1158.3333333333333,0.351555136663525
Andaman and Nicobar Islands,2015,12,862,862,1724,0.1554959785522788,1218.0,1.0
Andaman and Nicobar Islands,2016,13,802,1689,2491,-0.06960556844547564,803.3333333333334,0.47483718176435763
Andaman and Nicobar Islands,2017,14,638,2376,3014,-0.20448877805486285,767.3333333333334,0.26851851851851855
Andaman and Nicobar Islands,2018,15,706,2993,3699,0.10658307210031348,715.3333333333334,0.2358837287003007
Andaman and Nicobar Islands,2019,16,564,3470,4034,-0.20113314447592068,636.0,0.16253602305475504
Andaman and Nicobar Islands,2020,17,482,2060,2542,-0.1453900709219858,584.0,0.23398058252427184
Chandigarh,2003,0,2806,1125,3931,0.0,2806.0,2.494222222222222
Chandigarh,2004,1,2889,1030,3919,0.029579472558802566,2889.0,2.804854368932039
Chandigarh,2005,2,3133,803,3936,0.0844582900657667,2942.6666666666665,3.9016189290161893
Chandigarh,2006,3,3126,917,4043,-0.0022342802425789976,3049.3333333333335,3.4089422028353327
Chandigarh,2007,4,3643,853,4496,0.1653870761356366,3300.6666666666665,4.270808909730364
Chandigarh,2008,5,3931,605,4536,0.07905572330496843,3566.6666666666665,6.497520661157025
Chandigarh,2009,6,3555,556,4111,-0.09564996184177055,3709.6666666666665,6.393884892086331
Chandigarh,2010,7,3373,517,3890,-0.05119549929676512,3619.6666666666665,6.524177949709864
Chandigarh,2011,8,3542,687,4229,0.05010376519418915,3490.0,5.155749636098981
Chandigarh,2012,9,3606,1467,5073,0.018068887634105024,3507.0,2.458077709611452
Chandigarh,2013,10,1355,1355,2710,-0.6242373821408763,2834.3333333333335,1.0
Chandigarh,2014,11,3221,1457,4678,1.3771217712177122,2727.3333333333335,2.210706932052162
Chandigarh,2015,12,3248,3248,6496,0.008382489909965849,2608.0,1.0
Chandigarh,2016,13,2996,1260,4256,-0.07758620689655173,3155.0,2.3777777777777778
Chandigarh,2017,14,3240,2222,5462,0.0814419225634179,3161.3333333333335,1.458145814581458
Chandigarh,2018,15,3072,2895,5967,-0.05185185185185185,3102.6666666666665,1.061139896373057
Chandigarh,2019,16,2819,1699,4518,-0.08235677083333333,3043.6666666666665,1.6592113007651559
Chandigarh,2020,17,2583,671,3254,-0.0837176303653778,2824.6666666666665,3.849478390461997
Dadra and Nagar Haveli and Daman and Diu,2003,0,338,20,358,0.0,338.0,16.9
Dadra and Nagar Haveli and Daman and Diu,2004,1,409,25,434,0.21005917159763313,409.0,16.36
Dadra and Nagar Haveli and Daman and Diu,2005,2,434,25,459,0.061124694376528114,393.6666666666667,17.36
Dadra and Nagar Haveli and Daman and Diu,2006,3,435,9,444,0.002304147465437788,426.0,48.333333333333336
Dadra and Nagar Haveli and Daman and Diu,2007,4,425,15,440,-0.022988505747126436,431.3333333333333,28.333333333333332
Dadra and Nagar Haveli and Daman and Diu,2008,5,401,16,417,-0.05647058823529412,420.3333333333333,25.0625
Dadra and Nagar Haveli and Daman and Diu,2009,6,442,18,460,0.10224438902743142,422.6666666666667,24.555555555555557
Dadra and Nagar Haveli and Daman and Diu,2010,7,378,42,420,-0.14479638009049775,407.0,9.0
Dadra and Nagar Haveli and Daman and Diu,2011,8,372,19,391,-0.015873015873015872,397.3333333333333,19.57894736842105
Dadra and Nagar Haveli and Daman and Diu,2012,9,318,21,339,-0.14516129032258066,356.0,15.142857142857142
Dadra and Nagar Haveli and Daman and Diu,2013,10,15,15,30,-0.9528301886792453,235.0,1.0
Dadra and Nagar Haveli and Daman and Diu,2014,11,277,20,297,17.466666666666665,203.33333333333334,13.85
Dadra and Nagar Haveli and Daman and Diu,2015,12,269,269,538,-0.02888086642599278,187.0,1.0
Dadra and Nagar Haveli and Daman and Diu,2016,13,244,12,256,-0.09293680297397769,263.3333333333333,20.333333333333332
Dadra and Nagar Haveli and Daman and Diu,2017,14,266,43,309,0.09016393442622951,259.6666666666667,6.186046511627907
Dadra and Nagar Haveli and Daman and Diu,2018,15,574,75,649,1.1578947368421053,361.3333333333333,7.653333333333333
Dadra and Nagar Haveli and Daman and Diu,2019,16,548,112,660,-0.04529616724738676,462.6666666666667,4.892857142857143
Dadra and Nagar Haveli and Daman and Diu,2020,17,441,92,533,-0.19525547445255476,521.0,4.793478260869565
Delhi,2003,0,47404,21910,69314,0.0,47404.0,2.1635782747603836
Delhi,2004,1,53623,25136,78759,0.13119146063623324,53623.0,2.1333147676639084
Delhi,2005,2,56065,26573,82638,0.04554016000596759,52364.0,2.109848342302337
Delhi,2006,3,57963,30372,88335,0.03385356282885936,55883.666666666664,1.908435401027262
Delhi,2007,4,56065,20994,77059,-0.032745026999982746,56697.666666666664,2.6705249118795846
Delhi,2008,5,49350,6754,56104,-0.11977169356996344,54459.333333333336,7.3067811667160205
Delhi,2009,6,50251,4053,54304,0.018257345491388046,51888.666666666664,12.39847026893659
Delhi,2010,7,51292,4667,55959,0.020716005651628823,50297.666666666664,10.990357831583458
Delhi,2011,8,53353,5896,59249,0.04018170474927864,51632.0,9.049016282225237
Delhi,2012,9,54287,6080,60367,0.017506044646036775,52977.333333333336,8.928782894736843
Delhi,2013,10,6616,6616,13232,-0.8781292022031058,38085.333333333336,1.0
Delhi,2014,11,155654,9908,165562,22.526904474002418,72185.66666666667,15.709931368591038
Delhi,2015,12,191377,8599,199976,0.22950261477379316,117882.33333333333,22.255727410163974
Delhi,2016,13,209519,7401,216920,0.09479718043443047,185516.66666666666,28.309552763140115
Delhi,2017,14,232066,12648,244714,0.10761315202917159,210987.33333333334,18.348039215686274
Delhi,2018,15,249012,13600,262612,0.07302232985443796,230199.0,18.30970588235294
Delhi,2019,16,299475,16786,316261,0.2026528841983519,260184.33333333334,17.84076015727392
Delhi,2020,17,249192,16878,266070,-0.1679038317054846,265893.0,14.764308567365802
Jammu and Kashmir,2003,0,21233,3002,24235,0.0,21233.0,7.072951365756163
Jammu and Kashmir,2004,1,21191,2638,23829,-0.001978053030659822,21191.0,8.03297952994693
Jammu and Kashmir,2005,2,20115,2735,22850,-0.05077627294606201,20846.333333333332,7.354661791590494
Jammu and Kashmir,2006,3,20787,2816,23603,0.033407904548844146,20697.666666666668,7.381747159090909
Jammu and Kashmir,2007,4,21443,2382,23825,0.03155818540433925,20781.666666666668,9.002099076406381
Jammu and Kashmir,2008,5,20604,1945,22549,-0.03912698782819568,20944.666666666668,10.59331619537275
Jammu and Kashmir,2009,6,21975,2033,24008,0.06654047757716948,21340.666666666668,10.809149040826364
Jammu and Kashmir,2010,7,23223,2049,25272,0.05679180887372014,21934.0,11.333821376281113
Jammu and Kashmir,2011,8,24504,2086,26590,0.05516083193385867,23234.0,11.746883988494726
Jammu and Kashmir,2012,9,24608,1950,26558,0.004244205027750571,24111.666666666668,12.61948717948718
Jammu and Kashmir,2013,10,25390,1517,26907,0.031778283485045515,24834.0,16.736980883322346
Jammu and Kashmir,2014,11,45335,1605,46940,0.7855454903505317,31777.666666666668,28.246105919003114
Jammu and Kashmir,2015,12,23583,1727,25310,-0.479805889489357,31436.0,13.655471916618414
Jammu and Kashmir,2016,13,24501,2123,26624,0.03892634524869609,31139.666666666668,11.540744229863401
Jammu and Kashmir,2017,14,22667,2941,25608,-0.0748540875882617,23583.666666666668,7.707242434546073
Jammu and Kashmir,2018,15,24216,3060,27276,0.06833723033484802,23794.666666666668,7.913725490196079
Jammu and Kashmir,2019,16,22404,3004,25408,-0.07482656095143707,23095.666666666668,7.458055925432756
Jammu and Kashmir,2020,17,25233,3678,28911,0.12627209426888056,23951.0,6.8605220228384995
Ladakh,2003,0,0,0,0,0.0,0.0,0.0
Ladakh,2004,1,0,0,0,0.0,0.0,0.0
Ladakh,2005,2,0,0,0,0.0,0.0,0.0
Ladakh,2006,3,0,0,0,0.0,0.0,0.0
Ladakh,2007,4,0,0,0,0.0,0.0,0.0
Ladakh,2008,5,0,0,0,0.0,0.0,0.0
Ladakh,2009,6,0,0,0,0.0,0.0,0.0
Ladakh,2010,7,0,0,0,0.0,0.0,0.0
Ladakh,2011,8,0,0,0,0.0,0.0,0.0
Ladakh,2012,9,0,0,0,0.0,0.0,0.0
Ladakh,2013,10,0,0,0,0.0,0.0,0.0
Ladakh,2014,11,0,0,0,0.0,0.0,0.0
Ladakh,2015,12,0,0,0,0.0,0.0,0.0
Ladakh,2016,13,0,0,0,0.0,0.0,0.0
Ladakh,2017,14,0,0,0,0.0,0.0,0.0
Ladakh,2018,15,0,0,0,0.0,0.0,0.0
Ladakh,2019,16,0,0,0,0.0,0.0,0.0
Ladakh,2020,17,387,16,403,0.0,129.0,24.1875
Lakshadweep,2003,0,31,1,32,0.0,31.0,31.0
Lakshadweep,2004,1,70,5,75,1.2580645161290323,70.0,14.0
Lakshadweep,2005,2,42,7,49,-0.4,47.666666666666664,6.0
Lakshadweep,2006,3,80,13,93,0.9047619047619048,64.0,6.153846153846154
Lakshadweep,2007,4,56,10,66,-0.3,59.333333333333336,5.6
Lakshadweep,2008,5,95,7,102,0.6964285714285714,77.0,13.571428571428571
Lakshadweep,2009,6,134,7,141,0.4105263157894737,95.0,19.142857142857142
Lakshadweep,2010,7,42,17,59,-0.6865671641791045,90.33333333333333,2.4705882352941178
Lakshadweep,2011,8,44,11,55,0.047619047619047616,73.33333333333333,4.0
Lakshadweep,2012,9,60,30,90,0.36363636363636365,48.666666666666664,2.0
Lakshadweep,2013,10,22,22,44,-0.6333333333333333,42.0,1.0
Lakshadweep,2014,11,81,34,115,2.6818181818181817,54.333333333333336,2.3823529411764706
Lakshadweep,2015,12,50,50,100,-0.38271604938271603,51.0,1.0
Lakshadweep,2016,13,36,14,50,-0.28,55.666666666666664,2.5714285714285716
Lakshadweep,2017,14,78,36,114,1.1666666666666667,54.666666666666664,2.1666666666666665
Lakshadweep,2018,15,48,29,77,-0.38461538461538464,54.0,1.6551724137931034
Lakshadweep,2019,16,123,59,182,1.5625,83.0,2.0847457627118646
Lakshadweep,2020,17,107,40,147,-0.13008130081300814,92.66666666666667,2.675
Puducherry,2003,0,4517,1260,5777,0.0,4517.0,3.584920634920635
Puducherry,2004,1,4620,1370,5990,0.022802745184857205,4620.0,3.372262773722628
Puducherry,2005,2,4575,1219,5794,-0.00974025974025974,4570.666666666667,3.753076292042658
Puducherry,2006,3,4687,997,5684,0.02448087431693989,4627.333333333333,4.701103309929789
Puducherry,2007,4,5054,1178,6232,0.0783016855131214,4772.0,4.290322580645161
Puducherry,2008,5,4989,1104,6093,-0.012861100118717847,4910.0,4.519021739130435
Puducherry,2009,6,4591,1232,5823,-0.07977550611344959,4878.0,3.726461038961039
Puducherry,2010,7,3935,1081,5016,-0.142888259638423,4505.0,3.6401480111008326
Puducherry,2011,8,4362,1404,5766,0.1085133418043202,4296.0,3.106837606837607
Puducherry,2012,9,4281,1197,5478,-0.018569463548830812,4192.666666666667,3.5764411027568923
Puducherry,2013,10,3756,753,4509,-0.12263489838822705,4133.0,4.98804780876494
Puducherry,2014,11,3584,998,4582,-0.04579339723109691,3873.6666666666665,3.591182364729459
Puducherry,2015,12,3440,3440,6880,-0.04017857142857143,3593.3333333333335,1.0
Puducherry,2016,13,4086,799,4885,0.1877906976744186,3703.3333333333335,5.113892365456821
Puducherry,2017,14,3883,916,4799,-0.04968184043073911,3803.0,4.239082969432315
Puducherry,2018,15,3606,1068,4674,-0.07133659541591553,3858.3333333333335,3.3764044943820224
Puducherry,2019,16,3167,837,4004,-0.12174154187465336,3552.0,3.783751493428913
Puducherry,2020,17,6725,1215,7940,1.123460688348595,4499.333333333333,5.534979423868313
